facility_id,facility_name,operator,city,county,latitude,longitude,location_precision,location_confidence,status_normalized,facility_type,analysis_scope,nearest_neighbor_km,cluster,dist_transmission_any_km,dist_transmission_100kv_km,dist_transmission_230kv_km,max_voltage_within_25km_kv,transmission_owner_count_25km,dist_major_road_km,dist_interstate_km,dist_surface_water_flowline_km,named_flowlines_within_25km,county_geoid,county_name,degree_institutions_50km,cip11_completions_50km,cip14_completions_50km,degree_institutions_100km,cip11_completions_100km,cip14_completions_100km,county_total_employment,county_total_establishments,county_total_employment_flag,information_sector_employment,information_sector_establishments,information_sector_employment_flag,professional_scientific_employment,professional_scientific_establishments,professional_scientific_employment_flag,record_id,record_role,geo_cluster_raw,geo_cluster,expanded_nearest_neighbor_km,feature_cluster,feature_pc1,feature_pc2
TNDC-001,Flexential - Nashville/Brentwood (NAS01/04),Flexential,Brentwood,Williamson,35.972453,-86.808748,address_or_site,high,operational,data_center,core_data_center,3.2412571929598153,C2 Nashville area,0.1651959221897847,0.1651959221897847,0.1651959221897847,500.0,1,0.2659630033542631,0.2659630033542631,0.6961163647055927,1025,47187,Williamson County,36,847.0,519.0,53,1188.0,522.0,149544,8707,G,4817.0,293.0,H,12710.0,1322.0,G,TNDC-001,confirmed_master,0,E3 Nashville area,3.2412571929602416,F2,1.6016046370144923,-0.614037012318108
TNDC-002,CleanSpark Campbell Junction Bitcoin Mining Facility,"CleanSpark, Inc.",Crossville,Cumberland,36.0436,-85.1692,approximate,medium,operational,crypto_mining,crypto_mining,16.5903008348662,Noise / isolated,2.396606264573128,2.396606264573128,2.396606264573128,500.0,1,0.0469503578292588,1.4075061718544764,0.0181632993983025,851,47035,Cumberland County,6,147.0,339.0,21,326.0,349.0,16494,1153,G,154.0,17.0,H,364.0,80.0,G,TNDC-002,confirmed_master,-1,Noise / isolated,16.590300834865744,F1,-2.6938413781679484,-0.6378823441353503
TNDC-003,DC BLOX CHA1 - DCBLOX Chattanooga,DC BLOX Parent LLC,Chattanooga,Hamilton,35.03158,-85.2973,address_or_site,high,operational,data_center,core_data_center,0.7537456534095243,C3 Chattanooga area,2.6067565059703095,2.6067565059703095,7.342171143213216,500.0,2,0.0742319652923255,0.8175356506839869,1.0531543701566626,1150,47065,Hamilton County,14,313.0,152.0,28,535.0,162.0,205761,9883,G,3565.0,174.0,G,10146.0,937.0,G,TNDC-003,confirmed_master,1,E4 Chattanooga area,0.7537456534096124,F2,-0.8724578120186952,-2.5127942987739362
TNDC-004,Jailhouse Studios (former Hamilton County Jail),Urban Story Ventures,Chattanooga,Hamilton,35.049557,-85.30803,address_or_site,high,under_construction,data_center,core_data_center,0.4108468813552908,C3 Chattanooga area,2.40924676682399,2.40924676682399,6.044236499979038,500.0,2,0.1349667724668807,2.135441369400803,0.95167681158497,1143,47065,Hamilton County,14,313.0,152.0,28,535.0,162.0,205761,9883,G,3565.0,174.0,G,10146.0,937.0,G,TNDC-004,confirmed_master,1,E4 Chattanooga area,0.41084688135512754,F2,-0.9411102444559747,-2.42330262903314
TNDC-005,Peace Communications CHA1,Scipio Technologies,Chattanooga,Hamilton,35.03746,-85.293181,address_or_site,high,operational,interconnection_facility,core_data_center,0.7537456534095243,C3 Chattanooga area,2.481827490296379,2.481827490296379,7.546223544674594,500.0,2,0.2765433748031277,1.5657424262598074,1.7716781310704195,1158,47065,Hamilton County,14,313.0,152.0,28,535.0,162.0,205761,9883,G,3565.0,174.0,G,10146.0,937.0,G,TNDC-005,confirmed_master,1,E4 Chattanooga area,0.7537456534096124,F2,-0.9129667887423263,-2.569539566515322
TNDC-006,Cielo Montgomery County AI Campus,Cielo Digital Infrastructure,Clarksville,Montgomery,36.53,-87.36,area_or_city,low,proposed,data_center,unconfirmed_candidate,13.34786983412424,Excluded / not clustered,2.1435460189939812,2.1435460189939812,11.261366122590772,500.0,1,0.0060403520815811,9.953355261375314,0.5019963529216311,683,47125,Montgomery County,6,205.0,3.0,49,1611.0,596.0,53777,3428,G,441.0,41.0,G,1647.0,204.0,G,TNDC-006,unconfirmed_master,-1,Noise / isolated,13.347869834124085,F1,-2.1689846670978925,1.640865959657336
TNDC-007,Google Montgomery County Data Center,Google,Clarksville,Montgomery,36.62078,-87.2622,address_or_site,high,operational,data_center,core_data_center,13.34786983412424,Noise / isolated,0.3528111168096206,0.3528111168096206,1.02987984886077,500.0,1,0.8444641826026208,2.803918570052872,0.585738817548979,450,47125,Montgomery County,6,205.0,3.0,50,1617.0,596.0,53777,3428,G,441.0,41.0,G,1647.0,204.0,G,TNDC-007,confirmed_master,-1,Noise / isolated,13.347869834124085,F1,-1.8319634427415319,1.6738398877988807
TNDC-008,Collierville Enterprise Data Center (FedEx World Technology Center Campus),Aphorio Carter,Collierville,Shelby,35.04204,-89.66453,address_or_site,high,operational,data_center,core_data_center,11.311970674520817,C1 Memphis area,2.0522271452302165,2.0522271452302165,9.978601417977911,500.0,1,0.3713223977361833,19.534397163993575,0.6770377186021165,1353,47157,Shelby County,27,950.0,286.0,35,1218.0,481.0,446048,19359,G,4823.0,318.0,G,20108.0,1599.0,G,TNDC-008,confirmed_master,2,E1 Memphis area,11.31197067452083,F2,0.9158954830848365,-0.5405032168181667
TNDC-009,CleanSpark West Crossville Bitcoin Mining Facility,"CleanSpark, Inc.",Crossville,Cumberland,35.9487,-85.0269,approximate,medium,operational,crypto_mining,crypto_mining,16.5903008348662,Noise / isolated,1.991610443751144,2.4886131922255355,5.785272400934065,500.0,1,0.0151785025615956,3.666392601986651,0.289985419117226,1010,47035,Cumberland County,7,165.0,339.0,31,629.0,1330.0,16494,1153,G,154.0,17.0,H,364.0,80.0,G,TNDC-009,confirmed_master,-1,Noise / isolated,16.590300834865744,F1,-1.5936659020692883,1.282485692152879
TNDC-010,CleanSpark Decatur Bitcoin Mining Facility,"CleanSpark, Inc.",Decatur,Meigs,35.5148,-84.7902,approximate,medium,operational,crypto_mining,crypto_mining,52.76647745819776,Noise / isolated,1.2587975694286953,1.2587975694286953,1.8509732506021557,500.0,1,0.0045748522133634,13.37638277901819,0.2170490894246995,1180,47121,Meigs County,10,57.0,10.0,37,872.0,1469.0,1839,109,H,0.0,0.0,NO_PUBLISHED_ROW,0.0,0.0,NO_PUBLISHED_ROW,TNDC-010,confirmed_master,-1,Noise / isolated,52.76647745819776,F1,-5.346214517680715,3.7376049973622703
TNDC-011,Flexential - Nashville/Cool Springs (NAS02/03),Flexential,Franklin,Williamson,35.951091,-86.833251,address_or_site,high,operational,data_center,core_data_center,3.2412571929598153,C2 Nashville area,1.1489252392323943,1.1489252392323943,3.211250079234238,500.0,1,1.2128289754225414,1.7489654321643044,0.2093664616764297,1034,47187,Williamson County,36,859.0,519.0,53,1188.0,522.0,149544,8707,G,4817.0,293.0,H,12710.0,1322.0,G,TNDC-011,confirmed_master,0,E3 Nashville area,3.2412571929602416,F2,1.3308840238393298,-0.24237447482339397
TNDC-012,Flexential - Nashville/Franklin (NAS05/06),Flexential,Franklin,Williamson,35.92028,-86.815618,address_or_site,high,operational,data_center,core_data_center,3.65144110529003,C2 Nashville area,0.1564264696118872,0.1564264696118872,5.722274609053078,500.0,1,0.6342379741208156,0.6342379741208156,0.1821857162638619,1030,47187,Williamson County,35,847.0,519.0,54,1202.0,522.0,149544,8707,G,4817.0,293.0,H,12710.0,1322.0,G,TNDC-012,confirmed_master,0,E3 Nashville area,3.651441105288981,F2,1.5199294380041732,-0.2978688348275874
TNDC-013,TierPoint Nashville,TierPoint,Franklin,Williamson,35.924575,-86.85582,address_or_site,high,operational,data_center,core_data_center,3.580764672121382,C2 Nashville area,0.1963708261707566,0.1963708261707566,6.691251651484206,500.0,1,0.5817709748863257,2.973406278764428,0.397530656515906,1066,47187,Williamson County,36,859.0,519.0,53,1188.0,522.0,149544,8707,G,4817.0,293.0,H,12710.0,1322.0,G,TNDC-013,confirmed_master,0,E3 Nashville area,3.5807646721207775,F2,1.3911732732193152,-0.2788624663040687
TNDC-014,Centersquare Gallatin (NAS) Campus,Centersquare,Gallatin,Sumner,36.40406,-86.39812,exact,high,operational,data_center,core_data_center,2.3980314314913542,Noise / isolated,1.541822644321149,1.541822644321149,12.415479711967578,500.0,1,0.7719361137903836,24.206824773615864,1.2778095465339745,925,47165,Sumner County,30,615.0,467.0,57,1692.0,956.0,56402,3875,G,754.0,70.0,H,1911.0,289.0,G,TNDC-014,confirmed_master,-1,Noise / isolated,2.3980314314913422,F2,0.5508276941846694,1.6222605646206325
TNDC-015,Meta Gallatin Data Center Campus,Meta,Gallatin,Sumner,36.41011,-86.3724,address_or_site,medium,operational,data_center,core_data_center,2.3980314314913542,Noise / isolated,3.91959956912533,3.91959956912533,14.790394818910544,500.0,1,1.6581578932936945,24.948091855395333,0.4422402921235759,930,47165,Sumner County,29,593.0,419.0,57,1692.0,956.0,56402,3875,G,754.0,70.0,H,1911.0,289.0,G,TNDC-015,confirmed_master,-1,Noise / isolated,2.3980314314913422,F2,0.33179914877270394,1.8670464387277312
TNDC-016,CleanSpark Jellico Bitcoin Mining Facility,"CleanSpark, Inc.",Jellico,Campbell,36.5825,-84.1306,approximate,medium,operational,crypto_mining,crypto_mining,28.99347267843897,Noise / isolated,1.1978992125192136,1.1978992125192136,31.896433653443474,161.0,3,0.1124495739899919,1.4793724136890174,0.3235840952448916,917,47013,Campbell County,6,1544.0,26.0,24,2138.0,994.0,7285,579,G,43.0,13.0,H,98.0,24.0,H,TNDC-016,confirmed_master,-1,Noise / isolated,28.993472678439456,F1,-1.8214036833599803,3.2355579207445824
TNDC-017,Bitdeer Knoxville AI Datacenter (5101 S. National Drive),Bitdeer,Knoxville,Knox,35.941272,-83.836066,address_or_site,high,operational,data_center,core_data_center,7.584785746838801,C4 Knoxville area,0.2313865857682145,1.7093783161502618,18.81818062745676,500.0,2,1.048316797114264,7.503498068760646,0.2826796179112065,1210,47093,Knox County,11,381.0,968.0,28,1989.0,1052.0,242117,12519,G,4993.0,237.0,G,13096.0,1306.0,G,TNDC-017,confirmed_master,3,E5 Knoxville area,7.584785746838887,F2,1.7001624300219302,1.0413569237792484
TNDC-018,Peace Communications KNX1,Scipio Technologies,Knoxville,Knox,35.965586,-83.921438,address_or_site,high,operational,interconnection_facility,core_data_center,0.992513351398504,C4 Knoxville area,0.4268084066683132,2.859111353593593,14.090986329547407,500.0,2,0.2191797735874382,0.5679865991787838,0.355008815222425,1220,47093,Knox County,12,395.0,968.0,27,1975.0,1048.0,242117,12519,G,4993.0,237.0,G,13096.0,1306.0,G,TNDC-018,confirmed_master,3,E5 Knoxville area,0.9925133513977842,F2,1.94600028858879,0.709172398375178
TNDC-019,CleanSpark Lenoir City Bitcoin Mining Facility,"CleanSpark, Inc.",Lenoir City,Loudon,35.7973,-84.256,approximate,medium,operational,crypto_mining,crypto_mining,4.917109437996493,C4 Knoxville area,0.1749519251604409,0.7331509214128205,7.003961137321444,500.0,2,0.0156475901485648,3.9786798846338463,0.4660022321881332,1210,47105,Loudon County,14,390.0,969.0,28,495.0,978.0,14920,1027,G,374.0,12.0,J,666.0,66.0,H,TNDC-019,confirmed_master,3,E5 Knoxville area,4.917109437997018,F2,-1.0272441460727524,0.4145282994363949
TNDC-020,CleanSpark Limestone Bitcoin Mining Facility (closed 2026),"CleanSpark, Inc.",Limestone,Washington,36.2235,-82.625,approximate,medium,cancelled,crypto_mining,crypto_mining,57.045255277578455,Noise / isolated,0.190786926193177,2.1251177094146807,17.66443363436844,500.0,1,1.474933927023007,16.368752508779316,0.495141034497529,1148,47179,Washington County,8,224.0,23.0,33,749.0,74.0,56072,3076,G,771.0,56.0,H,1514.0,197.0,H,TNDC-020,confirmed_master,-1,Noise / isolated,57.04525527757844,F1,-2.959278468727253,-1.3844154039273129
TNDC-021,Arnold Air Force Base Data Center,Arnold Engineering Development Complex (AEDC),Manchester,Coffee,35.37539,-86.07293,approximate_site,medium,cancelled,data_center,core_data_center,43.6773958414442,Noise / isolated,1.4658739374691323,1.4658739374691323,3.778594864329164,500.0,1,5.375552404498445,6.896218127128046,0.1760684700295366,1018,47031,Coffee County,5,67.0,0.0,38,929.0,937.0,21060,1308,G,298.0,22.0,H,1083.0,77.0,H,TNDC-021,confirmed_master,-1,Noise / isolated,43.677395841444316,F1,-3.9130045776273294,1.6418038386332061
TNDC-022,CleanSpark Maynardville Bitcoin Mining Facility,"CleanSpark, Inc.",Maynardville,Union,36.2506,-83.7974,approximate,medium,operational,crypto_mining,crypto_mining,27.74221155274318,Noise / isolated,0.0349440603714979,10.264845416036176,11.767292743393927,500.0,1,0.1754402631891888,25.255352267090117,0.1102396338194165,985,47173,Union County,15,420.0,965.0,25,1973.0,994.0,1971,228,G,65.0,7.0,H,91.0,12.0,J,TNDC-022,confirmed_master,-1,Noise / isolated,27.742211552743488,F1,-1.202020028260808,3.5146375530361036
TNDC-023,Hixson Data Center (McMinnville),Hixson Data Center,McMinnville,Warren,35.718937,-85.83887,approximate_site,medium,proposed,data_center,core_data_center,7.55864423304588,Noise / isolated,3.670810269189298,3.670810269189298,43.05319069901394,161.0,1,1.639881477326324,32.901569856081274,0.685404786228203,895,47177,Warren County,3,213.0,52.0,52,1307.0,958.0,9738,781,H,196.0,12.0,H,170.0,46.0,H,TNDC-023,confirmed_master,-1,Noise / isolated,7.558644233045589,F1,-2.512796388119421,2.7911961067089077
TNDC-024,Litewire McMinnville (former A.O. Smith Building),Litewire,McMinnville,Warren,35.69221,-85.7619,exact,high,operational,data_center,core_data_center,7.55864423304588,Noise / isolated,2.132477135416224,2.132477135416224,38.88347996553414,161.0,1,0.4944864850989494,35.95161008183839,0.7994885219051292,841,47177,Warren County,2,14.0,0.0,40,935.0,552.0,9738,781,H,196.0,12.0,H,170.0,46.0,H,TNDC-024,confirmed_master,-1,Noise / isolated,7.558644233045589,F1,-5.230111164185027,1.8701568434328455
TNDC-026,DataBank Memphis (MEM1),DataBank,Memphis,Shelby,35.203086,-89.808615,address_or_site,high,operational,data_center,core_data_center,6.5393152771957945,C1 Memphis area,1.801478760362311,1.801478760362311,6.51808905597597,500.0,2,0.1614199250776193,1.4795104512074932,0.4020932115671458,1606,47157,Shelby County,27,956.0,286.0,36,1218.0,481.0,446048,19359,G,4823.0,318.0,G,20108.0,1599.0,G,TNDC-026,confirmed_master,2,E1 Memphis area,6.539315277195678,F2,1.1969375145705157,-0.9069584876440504
TNDC-027,EdgeConneX Memphis (EDCMEM01),EdgeConneX Inc.,Memphis,Shelby,35.038995,-89.88623,address_or_site,high,operational,interconnection_facility,core_data_center,0.3454071544348475,C1 Memphis area,0.4488855567176492,3.197151023892995,3.197151023892995,500.0,2,2.045267858764466,4.738141350151713,0.1410492800953825,1240,47157,Shelby County,29,1106.0,296.0,35,1204.0,481.0,446048,19359,G,4823.0,318.0,G,20108.0,1599.0,G,TNDC-027,confirmed_master,2,E1 Memphis area,0.345407154435508,F2,1.1572743340977691,-0.5230126136668466
TNDC-028,Expedient Memphis,Expedient,Memphis,Shelby,35.062965,-89.786143,address_or_site,high,operational,interconnection_facility,core_data_center,9.26082548446652,C1 Memphis area,2.743864322292094,2.743864322292094,4.203553032602433,500.0,2,1.7586309331365042,8.267327931912364,0.2850046653473752,1366,47157,Shelby County,28,959.0,286.0,36,1235.0,481.0,446048,19359,G,4823.0,318.0,G,20108.0,1599.0,G,TNDC-028,confirmed_master,2,E1 Memphis area,9.260825484465618,F2,0.9568388798140678,-0.5168281949122732
TNDC-029,Level(3) Memphis,Lumen Technologies Inc,Memphis,Shelby,35.028826,-89.930755,address_or_site,high,operational,interconnection_facility,core_data_center,0.6115269873530994,C1 Memphis area,0.3074476694115916,3.465447418191996,3.465447418191996,500.0,3,0.5701825438554421,5.5848875252100845,0.4033270583573426,1185,47157,Shelby County,28,1103.0,296.0,35,1204.0,481.0,446048,19359,G,4823.0,318.0,G,20108.0,1599.0,G,TNDC-029,confirmed_master,2,E1 Memphis area,0.6115269873521512,F2,1.203046096701084,-0.6263958393470713
TNDC-030,xAI Colossus 1,xAI,Memphis,Shelby,35.05983,-90.1562,address_or_site,high,operational,data_center,core_data_center,12.992330991063133,C1 Memphis area,0.3825056426327811,0.3825056426327811,0.6164401627809571,500.0,3,7.504371525109421,7.836205367039168,1.966385380374673,1123,47157,Shelby County,27,956.0,286.0,36,1231.0,540.0,446048,19359,G,4823.0,318.0,G,20108.0,1599.0,G,TNDC-030,confirmed_master,2,E1 Memphis area,12.992330991063099,F2,1.1626479425185126,-0.6205855516489092
TNDC-031,xAI Colossus 2,xAI,Memphis,Shelby,34.998074,-90.03507,address_or_site,high,expanding,data_center,core_data_center,9.853330615022765,C1 Memphis area,0.331100853314858,0.5450873034591647,0.5450873034591647,500.0,3,0.9131365437319892,2.9605312398261776,0.5167153407544153,1127,47157,Shelby County,28,1103.0,296.0,34,1174.0,481.0,446048,19359,G,4823.0,318.0,G,20108.0,1599.0,G,TNDC-031,confirmed_master,2,E1 Memphis area,9.853330615023175,F2,1.3010948811923975,-0.783245775450713
TNDC-032,DC BLOX Nashville (Grassmere Park),DC BLOX,Nashville,Davidson,36.090492,-86.74721,address_or_site,high,proposed,data_center,core_data_center,1.5634296886992427,C2 Nashville area,0.115983122705762,0.6606674404981177,11.2366852000021,500.0,1,1.0324548896531869,1.3766893607197908,0.5877614886412902,893,47037,Davidson County,38,949.0,519.0,50,1172.0,522.0,526927,22122,G,16596.0,704.0,G,33740.0,2441.0,G,TNDC-032,confirmed_master,0,E3 Nashville area,1.5634296886990042,F2,2.123894624247997,-0.7867713508753092
TNDC-033,EdgeConneX Nashville (EDCNAS01),EdgeConneX Inc.,Nashville,Davidson,36.144881,-86.701721,address_or_site,high,operational,interconnection_facility,core_data_center,1.976314023135052,C2 Nashville area,0.121071942828338,0.121071942828338,13.534945397120635,500.0,1,0.1172400237093578,0.1172400237093578,0.6475982838099955,846,47037,Davidson County,38,949.0,519.0,55,1623.0,617.0,526927,22122,G,16596.0,704.0,G,33740.0,2441.0,G,TNDC-033,confirmed_master,0,E3 Nashville area,1.97631402313534,F2,2.6445742983156846,-0.36127862797059285
TNDC-034,H5 Data Centers Nashville,H5 Data Centers,Nashville,Davidson,36.1628,-86.77863,address_or_site,high,operational,data_center,core_data_center,0.2086854803185778,C2 Nashville area,0.3316205949751729,1.5872554210648755,19.647452385720698,500.0,1,0.2355441969279202,1.2137968750288166,0.4253171342582417,940,47037,Davidson County,36,750.0,467.0,56,1609.0,617.0,526927,22122,G,16596.0,704.0,G,33740.0,2441.0,G,TNDC-034,confirmed_master,0,E3 Nashville area,0.20868548031879056,F2,2.3487027912589373,-0.24268769665208267
TNDC-035,H5 Data Centers Nashville (TN01),IRIS,Nashville,Davidson,36.162621,-86.776316,address_or_site,high,operational,interconnection_facility,core_data_center,0.2086854803185778,C2 Nashville area,0.1640777880258871,1.4811008140686903,19.542920530071527,500.0,1,0.1203295080290079,1.10915247143415,0.2693965447065286,934,47037,Davidson County,36,750.0,467.0,56,1609.0,617.0,526927,22122,G,16596.0,704.0,G,33740.0,2441.0,G,TNDC-035,confirmed_master,0,E3 Nashville area,0.20868548031879056,F2,2.3747850650347724,-0.21237427031190861
TNDC-036,Level(3) Nashville (9th Ave),Lumen Technologies Inc,Nashville,Davidson,36.189148,-86.804111,address_or_site,high,operational,interconnection_facility,core_data_center,2.3989227738591374,C2 Nashville area,0.2273852455170062,2.113753637504367,19.6969167183482,500.0,1,0.2266622130345049,0.747404067564151,1.4459045910957635,945,47037,Davidson County,34,665.0,467.0,55,1667.0,617.0,526927,22122,G,16596.0,704.0,G,33740.0,2441.0,G,TNDC-036,confirmed_master,0,E3 Nashville area,2.398922773859148,F2,2.3945549547595,-0.43848184691446046
TNDC-037,Level(3) Nashville (Sidco Drive),Lumen Technologies Inc,Nashville,Davidson,36.102726,-86.755786,address_or_site,high,operational,interconnection_facility,core_data_center,1.5634296886992427,C2 Nashville area,0.0719328320559844,0.0719328320559844,12.79322332420262,500.0,1,0.8043017565536495,0.8043017565536495,1.042069394443569,902,47037,Davidson County,38,949.0,519.0,51,1172.0,522.0,526927,22122,G,16596.0,704.0,G,33740.0,2441.0,G,TNDC-037,confirmed_master,0,E3 Nashville area,1.5634296886990042,F2,2.2070865022699935,-0.9349280361445378
TNDC-038,Peace Communications NSH2,Scipio Technologies,Nashville,Davidson,36.103326,-86.668932,address_or_site,high,operational,interconnection_facility,core_data_center,5.053066150501399,C2 Nashville area,0.0707119478126202,1.0205936549853298,8.266680964276182,500.0,1,0.101192712090354,3.367226120148101,0.216468617040965,809,47037,Davidson County,38,949.0,519.0,55,1623.0,617.0,526927,22122,G,16596.0,704.0,G,33740.0,2441.0,G,TNDC-038,confirmed_master,0,E3 Nashville area,5.053066150501165,F2,2.43800265944387,-0.05812770680092823
TNDC-039,Quantum Leap Data Center/ Fisk University,,Nashville,Davidson,36.167574,-86.8041028,address_or_site,high,proposed,data_center,core_data_center,1.735944713176277,C2 Nashville area,0.3583329681780802,1.2702551176752837,19.413290132561848,500.0,1,0.3489538946991903,0.3489538946991903,1.3238321098183508,963,47037,Davidson County,35,665.0,467.0,55,1588.0,617.0,526927,22122,G,16596.0,704.0,G,33740.0,2441.0,G,TNDC-039,confirmed_master,0,E3 Nashville area,1.7359447131764885,F2,2.385506579135356,-0.5220746400153172
TNDC-040,RadiusDC Nashville I,RadiusDC,Nashville,Davidson,36.27987,-86.7837,approximate,medium,under_construction,data_center,core_data_center,10.252603292630416,C2 Nashville area,0.9431874961031312,0.9431874961031312,17.882198943230637,500.0,1,0.0351958031727906,1.3327258192916658,0.142918790272357,953,47037,Davidson County,34,665.0,467.0,54,1667.0,617.0,526927,22122,G,16596.0,704.0,G,33740.0,2441.0,G,TNDC-040,confirmed_master,0,E3 Nashville area,10.252603292630376,F2,2.294780995842088,-0.13700882119053812
TNDC-041,XO Nashville,XO,Nashville,Davidson,36.158837,-86.772516,address_or_site,high,operational,interconnection_facility,core_data_center,0.5416832532175047,C2 Nashville area,0.2114381637319143,0.979748508254938,19.02158182459572,500.0,1,0.0221684540655779,0.8721446837344404,0.3177463534475093,922,47037,Davidson County,36,750.0,467.0,56,1609.0,617.0,526927,22122,G,16596.0,704.0,G,33740.0,2441.0,G,TNDC-041,confirmed_master,0,E3 Nashville area,0.5416832532179527,F2,2.4073924738909303,-0.24760972722343166
TNDC-042,Zayo Nashville - 209 10th Ave. S,DataBank,Nashville,Davidson,36.155165,-86.782559,address_or_site,high,operational,interconnection_facility,core_data_center,0.919336050690768,C2 Nashville area,0.7363645579344529,1.238191763901084,19.042220946222173,500.0,1,0.2262446919391716,0.4932669783149543,1.21434260846641,944,47037,Davidson County,36,750.0,467.0,56,1609.0,617.0,526927,22122,G,16596.0,704.0,G,33740.0,2441.0,G,TNDC-042,confirmed_master,0,E3 Nashville area,0.919336050690683,F2,2.4003939330367077,-0.46862335242296504
TNDC-043,CleanSpark New Tazewell Bitcoin Mining Facility,"CleanSpark, Inc.",New Tazewell,Claiborne,36.4426,-83.5996,approximate,medium,operational,crypto_mining,crypto_mining,27.74221155274318,Noise / isolated,2.0152424357641316,2.0152424357641316,25.06971285347489,161.0,2,0.5694106398496785,43.67052319965182,1.849218320891234,855,47025,Claiborne County,6,39.0,0.0,26,2241.0,996.0,7084,466,G,38.0,6.0,H,129.0,29.0,G,TNDC-043,confirmed_master,-1,Noise / isolated,27.742211552743488,F1,-4.448086552451058,3.5187878844667604
TNDC-044,CleanSpark Oneida Bitcoin Mining Facility,"CleanSpark, Inc.",Oneida,Scott,36.4981,-84.5127,approximate,medium,operational,crypto_mining,crypto_mining,7.65235803152038,Noise / isolated,1.7243463363400615,1.7243463363400615,51.34799871300031,161.0,2,0.2027920201141038,20.897119695906408,0.2302877542446328,928,47151,Scott County,3,1484.0,26.0,29,2869.0,1335.0,4173,351,G,49.0,12.0,J,35.0,14.0,G,TNDC-044,confirmed_master,-1,Noise / isolated,7.652358031520108,F1,-2.1195805056060237,4.491391049933991
TNDC-045,CleanSpark Winfield Bitcoin Mining Facility,"CleanSpark, Inc.",Winfield,Scott,36.5467887,-84.4521787,address_or_site,high,operational,crypto_mining,crypto_mining,7.65235803152038,Noise / isolated,0.1251214503645664,0.1251214503645664,43.99028734704144,161.0,2,0.744571894380068,18.88814560524287,0.1155601680918731,967,47151,Scott County,3,1484.0,26.0,25,2746.0,996.0,4173,351,G,49.0,12.0,J,35.0,14.0,G,TNDC-045,confirmed_master,-1,Noise / isolated,7.652358031520108,F1,-2.1913580609695353,4.180388176504613
TNDC-046,LCUB Data Center,Lenoir City Utilities Board,Lenoir City,Loudon,35.840815,-84.265703,address_or_site,high,operational,data_center,core_data_center,4.917109437996493,C4 Knoxville area,0.3175809708941679,0.3175809708941679,11.011105990163353,500.0,1,0.4505027023461488,0.5301486747649652,0.2583308641238066,1234,47105,Loudon County,13,390.0,968.0,30,507.0,978.0,14920,1027,G,374.0,12.0,J,666.0,66.0,H,TNDC-046,confirmed_master,3,E5 Knoxville area,4.917109437997018,F2,-0.8824986442242555,0.41902226322187125
TNDC-047,TenHats Knoxville Data Center,TenHats,Knoxville,Knox,35.97048129,-83.91221605,approximate_site,medium,operational,data_center,core_data_center,0.992513351398504,C4 Knoxville area,0.0486728763684856,3.7947914042191337,14.190962703158428,500.0,2,0.3630747475924,0.7699289531659047,0.112354637998837,1231,47093,Knox County,12,395.0,968.0,26,1967.0,1048.0,242117,12519,G,4993.0,237.0,G,13096.0,1306.0,G,TNDC-047,confirmed_master,3,E5 Knoxville area,0.9925133513977842,F2,1.9239781894126007,0.7981444427200081
TNDC-048,Infinity Data Center,Infinity Data Center,Knoxville,Knox,35.9585,-84.1392,address_or_site,high,operational,data_center,core_data_center,1.4454623860169304,C4 Knoxville area,1.3598517309135123,1.378281471825916,1.6120211739270764,500.0,1,1.169009252566629,5.338593636801503,0.0259528255880626,1177,47093,Knox County,14,404.0,968.0,27,1928.0,1004.0,242117,12519,G,4993.0,237.0,G,13096.0,1306.0,G,TNDC-048,confirmed_master,3,E5 Knoxville area,1.4454623860163978,F2,1.6891415434791652,0.9116854756222315
TNDC-049,Windstream / Uniti Knoxville,Uniti Wholesale,Knoxville,Knox,35.95217137,-84.12517265,approximate_site,medium,operational,interconnection_facility,core_data_center,1.4454623860169304,C4 Knoxville area,1.403542243702083,1.403542243702083,1.403542243702083,500.0,2,0.1525331462117285,4.421398391309641,0.1244458600637066,1194,47093,Knox County,14,404.0,968.0,28,1936.0,1004.0,242117,12519,G,4993.0,237.0,G,13096.0,1306.0,G,TNDC-049,confirmed_master,3,E5 Knoxville area,1.4454623860163978,F2,1.7628997986555426,0.7742248530075666
TNDC-050,Aeneas Data Center,Aeneas Internet and Telephone,Jackson,Madison,35.6163439553,-88.8159272209,address_or_site,high,operational,interconnection_facility,core_data_center,4.365935265331043,Noise / isolated,2.8590383758194164,2.8590383758194164,9.40933125627591,500.0,1,0.3051082522058725,6.10578479026357,1.1704272775317783,1376,47113,Madison County,8,90.0,6.0,18,163.0,28.0,55344,2598,G,464.0,32.0,H,1001.0,139.0,G,TNDC-050,confirmed_master,4,E2 Jackson area,4.365935265330664,F1,-5.596217478013801,-4.447678880538061
TNDC-051,MCA Chattanooga Data Center,MCA Technology Solutions,Chattanooga,Hamilton,35.07589,-85.18455,address_or_site,high,operational,data_center,core_data_center,10.771741932562746,C3 Chattanooga area,0.3477659403392347,0.3477659403392347,9.002526174550091,500.0,1,0.2179821528089125,4.440412587403477,0.220688502890341,1173,47065,Hamilton County,16,313.0,161.0,27,529.0,162.0,205761,9883,G,3565.0,174.0,G,10146.0,937.0,G,TNDC-051,confirmed_master,1,E4 Chattanooga area,10.771741932562511,F2,-0.876459936911578,-2.193033315975751
TNDC-052,Data Suites Murfreesboro,Data Suites,Murfreesboro,Rutherford,35.856076,-86.405338,address_or_site,high,operational,data_center,core_data_center,17.477420413451394,Noise / isolated,1.7083487826864354,1.7083487826864354,17.320638167725356,500.0,1,0.1272572601694827,2.646802318868086,0.4438700880493592,664,47149,Rutherford County,28,759.0,458.0,53,1215.0,858.0,128935,6285,G,897.0,93.0,H,5057.0,441.0,G,TNDC-052,confirmed_master,0,E3 Nashville area,17.477420413450922,F2,0.9026133913928032,0.9379745730330622
TNDC-053,Windstream / Uniti Brentwood,Uniti Wholesale,Brentwood,Williamson,36.037186,-86.806206,address_or_site,high,operational,interconnection_facility,core_data_center,7.201622189296421,C2 Nashville area,1.8279218635089325,1.8279218635089325,6.530205327468523,500.0,1,0.169894974354871,2.076589381175805,0.0755279788635552,991,47187,Williamson County,38,949.0,519.0,51,1188.0,522.0,149544,8707,G,4817.0,293.0,H,12710.0,1322.0,G,TNDC-053,confirmed_master,0,E3 Nashville area,7.201622189296339,F2,1.3372335779818263,-0.18556382720608738
TNDC-054,Lumen Nashville 2,Lumen Technologies,Nashville,Davidson,36.14787701,-86.68002591,approximate_site,medium,operational,data_center,core_data_center,1.976314023135052,C2 Nashville area,0.5359714148150394,0.5359714148150394,12.30715632663763,500.0,1,0.5647373518848544,0.5647373518848544,0.1422154514615573,853,47037,Davidson County,38,949.0,519.0,55,1623.0,617.0,526927,22122,G,16596.0,704.0,G,33740.0,2441.0,G,TNDC-054,confirmed_master,0,E3 Nashville area,1.97631402313534,F2,2.507066137755232,-0.14550530904266226
TNDC-055,Lumen Nashville 4 / Berry Hill,Lumen Technologies,Nashville,Davidson,36.1202759,-86.7623382,address_or_site,high,operational,data_center,core_data_center,1.510841476707156,C2 Nashville area,0.6092041304101868,0.6092041304101868,14.781532831661425,500.0,1,0.0294158088330879,0.0294158088330879,0.8057133630999617,911,47037,Davidson County,38,949.0,519.0,55,1609.0,617.0,526927,22122,G,16596.0,704.0,G,33740.0,2441.0,G,TNDC-055,confirmed_master,0,E3 Nashville area,1.5108414767067408,F2,2.588494825605056,-0.4580437681617228
TNDC-056,Saragon Nashville,Saragon,Nashville,Davidson,36.13170626,-86.75324366,approximate_site,medium,operational,data_center,core_data_center,1.510841476707156,C2 Nashville area,0.2987076008641238,0.2987076008641238,15.577122714327889,500.0,1,0.224520073306856,0.9650322224514756,0.6129462036681714,900,47037,Davidson County,38,949.0,519.0,55,1609.0,617.0,526927,22122,G,16596.0,704.0,G,33740.0,2441.0,G,TNDC-056,confirmed_master,0,E3 Nashville area,1.5108414767067408,F2,2.517819771528543,-0.3067281139649893
TNDC-057,WorldSpice Data Center,WorldSpice Technologies,Memphis,Shelby,35.1132403,-89.8928537,address_or_site,high,operational,data_center,core_data_center,0.536086088636087,C1 Memphis area,0.2021176968700708,0.2021176968700708,5.958812171188375,500.0,3,0.1674602325282303,2.111826646225866,0.5067458598584822,1359,47157,Shelby County,27,956.0,286.0,35,1204.0,481.0,446048,19359,G,4823.0,318.0,G,20108.0,1599.0,G,TNDC-057,confirmed_master,2,E1 Memphis area,0.5360860886365696,F2,1.3137186292495553,-0.8544626444190533
TNDC-058,Connect Data Centers Memphis,Connect Data Centers,Memphis,Shelby,35.0417724,-89.8845309,address_or_site,high,operational,data_center,core_data_center,0.3454071544348475,C1 Memphis area,0.6310822975962274,3.437632206786213,3.437632206786213,500.0,2,2.353354596410896,4.514833120388392,0.0972216616329214,1250,47157,Shelby County,29,1106.0,296.0,35,1204.0,481.0,446048,19359,G,4823.0,318.0,G,20108.0,1599.0,G,TNDC-058,confirmed_master,2,E1 Memphis area,0.345407154435508,F2,1.1360055871206713,-0.503385630629482
TNDC-059,5C MEM01,5C,Memphis,Shelby,35.0327269,-89.9354893,approximate_site,medium,under_construction,data_center,core_data_center,0.6115269873530994,C1 Memphis area,0.8973628978282975,4.027798856933369,4.027798856933369,500.0,3,0.1258764639860509,5.205206220710836,0.2826489190682394,1192,47157,Shelby County,28,1103.0,296.0,35,1204.0,481.0,446048,19359,G,4823.0,318.0,G,20108.0,1599.0,G,TNDC-059,confirmed_master,2,E1 Memphis area,0.6115269873521512,F2,1.1810126444447941,-0.6235326316124102
TNDC-060,The STEM Practice Memphis,The STEM Practice,Memphis,Shelby,35.161945,-89.860031,address_or_site,high,proposed,data_center,core_data_center,6.183699762877351,C1 Memphis area,1.3226434909323577,1.3226434909323577,7.118945210680754,500.0,3,0.3797875155960548,0.3797875155960548,0.8328101602034235,1423,47157,Shelby County,27,956.0,286.0,36,1235.0,481.0,446048,19359,G,4823.0,318.0,G,20108.0,1599.0,G,TNDC-060,confirmed_master,2,E1 Memphis area,6.183699762876889,F2,1.33529536411254,-0.9903562607603285
TNDC-061,Humboldt / Gibson County Crypto Mining Facility,Undisclosed private developer (Humboldt Utilities customer),Humboldt,Gibson,35.842805,-88.921847,approximate_site,medium,under_construction,crypto_mining,crypto_mining,23.739097663615286,Noise / isolated,4.485592853711683,7.9269330290775875,16.95648787706169,500.0,1,0.6314902866766976,20.670084890856504,0.3366153606477722,1459,47053,Gibson County,9,116.0,5.0,16,193.0,28.0,12656,951,G,173.0,20.0,G,192.0,41.0,H,TNDC-061,confirmed_master,-1,Noise / isolated,23.73909766361553,F1,-6.471957770415331,-3.289479083250997
TNDC-062,Windstream Bristol Data Center,Windstream,Bristol,Sullivan,36.593557,-82.183509,address_or_site,high,operational,data_center,core_data_center,37.94409711967336,Noise / isolated,0.4012387576353779,3.116653456205808,6.207202653955594,500.0,3,0.1535730440308025,5.356146431785924,0.2212782102181217,1148,47163,Sullivan County,10,243.0,25.0,23,501.0,46.0,60008,3382,G,625.0,43.0,G,1436.0,240.0,G,TNDC-062,confirmed_master,-1,Noise / isolated,37.94409711967344,F1,-3.330023063146671,-2.532425790933919
TNCAND-002,Horizon Center TVA Certified Data Center Site,,Oak Ridge,Roane,35.968063,-84.35597,approximate_site,medium,candidate,certified_data_center_site,candidate_site,5.78964157802513,Candidate / not clustered,0.727876698880174,0.727876698880174,3.0289104348453164,500.0,1,0.8453788175536231,9.874727384733562,0.1881877868202608,1292,47145,Roane County,13,404.0,968.0,28,1944.0,1004.0,8996,769,G,49.0,12.0,J,306.0,54.0,H,TNCAND-002,candidate,3,E5 Knoxville area,5.78964157802509,F2,-0.5568440147801025,2.69057842934967
TNCAND-003,Corridor Park Lots 21 & 23 TVA Certified Data Center Site,,Knoxville,Knox,35.92338,-84.14133,address_or_site,high,candidate,certified_data_center_site,candidate_site,3.5164351630750597,Candidate / not clustered,1.6481279770076562,3.297720169273466,4.469931485485613,500.0,2,0.3964070865213985,1.7405329422292104,0.4096250977179209,1181,47093,Knox County,14,404.0,968.0,28,1936.0,1004.0,242117,12519,G,4993.0,237.0,G,13096.0,1306.0,G,TNCAND-003,candidate,3,E5 Knoxville area,3.5164351630745547,F2,1.808904860178352,0.6787896725775661
TNCAND-004,Tiger Jones Technology Park Enterprise Data Center Site,,Jackson,Madison,35.671471,-88.764892,address_or_site,high,candidate,certified_primary_data_center_site,candidate_site,3.955851792529339,Candidate / not clustered,0.2627499312143647,0.2627499312143647,4.118275281834532,500.0,1,0.9883617984953896,0.9983755164533524,0.539529096114026,1380,47113,Madison County,8,90.0,6.0,16,163.0,28.0,55344,2598,G,464.0,32.0,H,1001.0,139.0,G,TNCAND-004,candidate,4,E2 Jackson area,3.955851792529348,F1,-5.313200659787863,-4.520773866057694
TNCAND-005,GRIID Jackson 60 MW Bitcoin Mining Project,,Jackson,Madison,35.636798360652,-88.774694703444,address_or_site,high,candidate,announced_crypto_mining_site,candidate_site,3.955851792529339,Candidate / not clustered,0.5514369863831382,0.5514369863831382,7.388416684508857,500.0,1,0.5958501531253004,4.677277966293714,0.5983824548535115,1395,47113,Madison County,8,90.0,6.0,17,163.0,28.0,55344,2598,G,464.0,32.0,H,1001.0,139.0,G,TNCAND-005,candidate,4,E2 Jackson area,3.955851792529348,F1,-5.464568574664919,-4.386416291340429
TNCAND-006,Atmosphere Nashville 120 MW Campus,,Nashville,Davidson,36.1721781,-86.7846022,area_or_city,low,candidate,proposed_data_center_campus,candidate_site,0.1199615700679816,Candidate / not clustered,0.1723118661269711,2.7546887632101753,20.81356562075462,500.0,1,0.4824685494674138,1.1338343547492988,0.4996096498820266,923,47037,Davidson County,36,750.0,467.0,56,1609.0,617.0,526927,22122,G,16596.0,704.0,G,33740.0,2441.0,G,TNCAND-006,candidate,0,E3 Nashville area,0.11996157006840204,F2,2.343727667687359,-0.23168932115418167
TNCAND-007,Tennessee State Data Center South,,Smyrna,Rutherford,35.993554,-86.4994229,approximate_site,medium,candidate,operational_government_data_center,candidate_site,17.477420413451394,Candidate / not clustered,1.2951609164858104,1.2951609164858104,11.175516178530444,500.0,1,0.2439990478853663,6.465734347055811,0.4435461841557285,621,47149,Rutherford County,38,949.0,519.0,52,1318.0,861.0,128935,6285,G,897.0,93.0,H,5057.0,441.0,G,TNCAND-007,candidate,0,E3 Nashville area,17.477420413450922,F2,1.0549570272866815,1.134822446768921
TNCAND-008,Tennessee State Data Center North,,Nashville,Davidson,36.171264,-86.785312,address_or_site,high,candidate,operational_government_data_center,candidate_site,0.1199615700679816,Candidate / not clustered,0.11985864260321,2.697332165039337,20.749195342598043,500.0,1,0.3786294840102457,1.029021252388722,0.5987710082936638,929,47037,Davidson County,36,750.0,467.0,56,1609.0,617.0,526927,22122,G,16596.0,704.0,G,33740.0,2441.0,G,TNCAND-008,candidate,0,E3 Nashville area,0.11996157006840204,F2,2.3636148401977652,-0.27490281855558885
TNCAND-009,Oak Ridge Leadership Computing Facility / NICS shared ORNL site,,Oak Ridge,Roane,35.9313055556,-84.3104166667,address_or_site,high,candidate,operational_research_computing_facility,candidate_site,5.78964157802513,Candidate / not clustered,0.5494278274235339,0.5494278274235339,0.7488773710340574,500.0,1,3.210200206642162,6.276103991973085,0.2533076412097717,1295,47145,Roane County,13,404.0,968.0,30,1967.0,1004.0,8996,769,G,49.0,12.0,J,306.0,54.0,H,TNCAND-009,candidate,3,E5 Knoxville area,5.78964157802509,F2,-0.508123358354152,2.666165096557113
TNCAND-011,Vanderbilt ACCRE Data Center Rooms,,Nashville,Davidson,36.142856,-86.796033,address_or_site,high,candidate,operational_research_computing_facility,candidate_site,1.826739921351709,Candidate / not clustered,0.2083265200808276,0.2083265200808276,18.008025821242953,500.0,1,0.3549606588226874,1.2925106218366806,2.993649634234073,962,47037,Davidson County,36,750.0,467.0,56,1609.0,617.0,526927,22122,G,16596.0,704.0,G,33740.0,2441.0,G,TNCAND-011,candidate,0,E3 Nashville area,1.8267399213513893,F2,2.428980700436579,-0.6554033724160497
TNCAND-013,Airnet / Dataprise Chattanooga,,Chattanooga,Hamilton,35.046874,-85.311133,address_or_site,high,candidate,legacy_operational_listing,candidate_site,0.4108468813552908,Candidate / not clustered,2.423240542770371,2.423240542770371,5.777505241574905,500.0,2,0.1395838351382324,1.7486306681580843,1.25665845845521,1157,47065,Hamilton County,14,313.0,152.0,28,535.0,162.0,205761,9883,G,3565.0,174.0,G,10146.0,937.0,G,TNCAND-013,candidate,1,E4 Chattanooga area,0.41084688135512754,F2,-0.9187613840073877,-2.5057903049276278
TNCAND-014,Windstream Nashville — 940 3rd Ave N,,Nashville,Davidson,36.173667,-86.7835769,address_or_site,high,candidate,legacy_operational_listing,candidate_site,0.189418735621127,Candidate / not clustered,0.0884122454567099,2.8612764443878977,20.924339871778106,500.0,1,0.6412253555403852,1.0330715746327128,0.3488547157964339,919,47037,Davidson County,36,750.0,467.0,56,1609.0,617.0,526927,22122,G,16596.0,704.0,G,33740.0,2441.0,G,TNCAND-014,candidate,0,E3 Nashville area,0.18941873562085507,F2,2.3456667150745987,-0.18475865947273534
TNCAND-015,Verizon / XO Memphis,,Memphis,Shelby,35.1086604,-89.8910128,address_or_site,high,candidate,legacy_operational_listing,candidate_site,0.536086088636087,Candidate / not clustered,0.1168910413917695,0.1168910413917695,5.663422137774373,500.0,3,0.1740304144736869,1.9074207477809144,0.965330035299926,1345,47157,Shelby County,27,956.0,286.0,35,1204.0,481.0,446048,19359,G,4823.0,318.0,G,20108.0,1599.0,G,TNCAND-015,candidate,2,E1 Memphis area,0.5360860886365696,F2,1.3493932467793897,-0.963245489145673
TNCAND-016,Lumen Memphis 2 / former tw telecom,,Memphis,Shelby,35.0344101,-89.883273,address_or_site,high,candidate,legacy_operational_listing,candidate_site,0.5765360809592314,Candidate / not clustered,0.0836624497117524,2.6302420928934094,2.6302420928934094,500.0,2,1.5400592802066244,5.3098829269128185,0.2728228010008091,1251,47157,Shelby County,29,1106.0,296.0,35,1204.0,481.0,446048,19359,G,4823.0,318.0,G,20108.0,1599.0,G,TNCAND-016,candidate,2,E1 Memphis area,0.576536080958735,F2,1.2018695903274992,-0.5890217197414922
TNCAND-017,CleanSpark Mountain City 30 MW Bitcoin Mining Proposal,,Mountain City,Johnson,36.445395419476,-81.801011033243,address_or_site,high,candidate,cancelled_crypto_mining_proposal,candidate_site,37.94409711967336,Candidate / not clustered,0.1256329474041895,0.1256329474041895,28.74529164089562,161.0,3,0.6533632839568034,42.95665876226064,0.0498554757179057,1324,47091,Johnson County,9,194.0,21.0,30,717.0,61.0,3415,256,G,0.0,0.0,NO_PUBLISHED_ROW,80.0,17.0,G,TNCAND-017,candidate,-1,Noise / isolated,37.94409711967344,F1,-5.673441838907352,0.4862820977456875
